"CustomerID","Age","Gender","AnnualIncome","TotalPurchases","AveragePurchaseValue","CustomerSatisfaction","PreferredPaymentMethod","Region"
1,38,"Female",69269,14,1625.26,9,"Credit Card","East"
2,65,"Female",57557,22,887.52,5,"Credit Card","West"
3,26,"Female",52375,33,1334.94,5,"Credit Card","South"
4,47,"Female",64971,10,1986.25,9,"Credit Card","North"
5,36,"Male",68616,41,1534.81,9,"Credit Card","West"
6,27,"Male",68000,38,2044.57,7,"Credit Card","North"
7,31,"Female",63726,30,1438.05,9,"PayPal","North"
8,37,"Female",49230,27,1574.32,6,"Credit Card","East"
9,37,"Female",40094,30,845,8,"Credit Card","North"
10,21,"Male",83930,33,1999.02,8,"Credit Card","South"
11,43,"Male",66492,37,2058.96,6,"Credit Card","North"
12,31,"Male",43658,27,707.13,9,"Credit Card","South"
13,41,"Female",40230,14,581.89,9,"Credit Card","East"
14,24,"Female",54876,17,1303.01,8,"PayPal","North"
15,32,"Female",55537,27,1079.73,8,"Credit Card","West"
16,34,"Female",61328,27,1843.44,8,"PayPal","West"
17,60,"Female",76360,22,1914.73,8,"Credit Card","West"
18,41,"Male",37103,11,148.28,4,"PayPal","North"
19,30,"Female",82789,14,2299.02,7,"Credit Card","South"
20,29,"Female",66781,39,1610.24,9,"Credit Card","West"
21,64,"Female",58811,23,1254.76,9,"Credit Card","North"
22,56,"Male",64584,21,1738.37,1,"Credit Card","North"
23,42,"Male",47153,13,1461.82,5,"Credit Card","North"
24,27,"Female",76559,44,2307.92,9,"Credit Card","West"
25,33,"Female",71703,38,1817.84,8,"Credit Card","East"
26,26,"Male",38936,25,1146.17,1,"Credit Card","East"
27,26,"Male",46777,34,902.21,7,"Cash on Delivery","West"
28,49,"Male",57414,37,1043.2,5,"Credit Card","South"
29,64,"Male",46690,28,1610.49,8,"Credit Card","East"
30,23,"Female",35161,50,1234.48,3,"Credit Card","West"
31,57,"Male",50433,24,1192.55,7,"PayPal","West"
32,48,"Male",55652,25,1813.63,8,"Credit Card","East"
33,61,"Male",38681,15,1068.24,7,"Credit Card","East"
34,20,"Male",58170,30,1973.78,7,"Credit Card","East"
35,42,"Male",43938,10,1044.13,9,"Credit Card","East"
36,40,"Other",31684,14,788.14,8,"Credit Card","East"
37,42,"Female",48852,49,1254.14,8,"Credit Card","West"
38,37,"Female",46865,19,1219.87,8,"Credit Card","North"
39,29,"Female",82614,33,2596.27,5,"Credit Card","South"
40,46,"Female",52563,47,703.24,7,"Credit Card","West"
41,25,"Male",66227,40,2276.35,5,"PayPal","East"
42,39,"Male",53979,28,929.76,9,"Credit Card","East"
43,59,"Female",51399,14,1117.6,8,"Credit Card","East"
44,63,"Male",43593,22,1032.77,8,"Credit Card","North"
45,35,"Male",37536,31,557.37,8,"PayPal","West"
46,27,"Other",67021,40,2050.78,6,"Credit Card","West"
47,30,"Male",83647,37,2310.87,3,"Credit Card","West"
48,39,"Female",64829,38,1555.61,3,"Credit Card","East"
49,29,"Other",66155,25,1501.7,9,"Credit Card","West"
50,43,"Other",59838,23,1577.52,8,"Cash on Delivery","North"
51,31,"Male",74422,35,1999.56,5,"Credit Card","West"
52,21,"Other",66468,44,2110.15,9,"Credit Card","West"
53,35,"Female",34592,26,1594.54,8,"Credit Card","East"
54,31,"Female",32339,35,1118.94,8,"Credit Card","West"
55,39,"Male",57142,24,1968.06,7,"Credit Card","East"
56,45,"Male",44560,48,312.93,2,"Credit Card","West"
57,46,"Female",68855,21,1756.15,9,"Credit Card","West"
58,18,"Male",53416,28,1263.33,7,"Credit Card","South"
59,50,"Female",74945,29,2385.23,8,"Credit Card","West"
60,35,"Other",85126,44,2627.66,8,"Credit Card","West"
61,59,"Female",84765,38,2332.23,8,"Credit Card","West"
62,24,"Female",57048,14,820.62,7,"Credit Card","South"
63,32,"Male",47933,41,1417.96,7,"Credit Card","West"
64,38,"Male",57928,27,1356.93,7,"Credit Card","West"
65,19,"Male",39247,34,1169.34,5,"Credit Card","West"
66,43,"Female",78800,28,1607.91,7,"Credit Card","East"
67,50,"Other",31968,39,499.28,1,"Credit Card","South"
68,38,"Male",41870,35,882.36,7,"Credit Card","North"
69,19,"Female",68721,37,1749.73,7,"Credit Card","North"
70,23,"Female",65155,14,1319.64,3,"Credit Card","South"
71,25,"Female",73030,29,1203.79,9,"PayPal","South"
72,39,"Other",45806,45,852.87,7,"Credit Card","West"
73,20,"Female",35865,27,645.36,2,"Credit Card","North"
74,24,"Female",75013,41,1794.76,7,"Credit Card","West"
75,26,"Female",68631,50,2081.73,9,"Credit Card","West"
76,26,"Female",93607,33,2357.14,7,"Credit Card","South"
77,54,"Female",43916,34,937.01,8,"Credit Card","West"
78,48,"Male",32455,36,433.43,7,"Credit Card","North"
79,21,"Male",72167,24,2067.61,3,"Credit Card","North"
80,36,"Female",84429,46,1899.99,4,"Credit Card","West"
81,63,"Female",57460,34,1611.18,4,"Credit Card","West"
82,46,"Male",72878,14,2244.4,3,"Credit Card","East"
83,34,"Male",53376,41,1643.04,5,"Credit Card","West"
84,26,"Female",76288,12,1798.4,8,"Credit Card","East"
85,61,"Male",65583,38,2043.59,3,"Credit Card","North"
86,31,"Male",67559,44,1075.03,1,"Credit Card","West"
87,44,"Female",40314,16,1026.13,7,"Credit Card","East"
88,33,"Female",49448,33,1861.03,8,"Credit Card","West"
89,19,"Female",51432,20,1496.63,8,"Credit Card","West"
90,43,"Male",56190,39,1458.52,7,"Credit Card","North"
91,54,"Female",39012,34,744.52,7,"Credit Card","South"
92,18,"Male",69456,17,1786.13,9,"Credit Card","North"
93,24,"Female",46375,28,1876.9,7,"Credit Card","South"
94,52,"Male",64371,43,1995.8,6,"Credit Card","West"
95,59,"Female",35794,26,1110.13,8,"Credit Card","North"
96,35,"Female",46324,47,1607.69,7,"Credit Card","West"
97,50,"Male",91410,16,1915.5,9,"PayPal","North"
98,53,"Male",68412,33,1689.5,8,"Credit Card","East"
99,32,"Male",60968,49,1177.57,2,"Credit Card","West"
100,41,"Female",42880,24,924.85,9,"PayPal","South"
101,37,"Female",49693,35,1089.13,6,"Credit Card","South"
102,53,"Male",45310,24,1432.29,7,"Credit Card","East"
103,44,"Female",66908,28,1731.93,5,"Credit Card","North"
104,32,"Female",90660,23,2032.33,5,"Credit Card","North"
105,20,"Female",83553,22,1806.97,7,"Credit Card","North"
106,21,"Other",62568,13,1230.3,7,"Credit Card","East"
107,38,"Female",53849,27,1148.86,7,"Credit Card","East"
108,42,"Female",81231,22,2488.85,6,"Credit Card","West"
109,28,"Female",78248,36,1929.85,9,"Credit Card","North"
110,35,"Male",57116,10,1491.11,8,"Credit Card","North"
111,31,"Other",86871,15,1975.74,7,"PayPal","North"
112,60,"Other",67030,19,1826.58,1,"Credit Card","East"
113,44,"Male",48227,29,693.35,8,"PayPal","South"
114,33,"Female",45187,11,1100.14,2,"Credit Card","East"
115,22,"Female",49352,28,1644.63,8,"Credit Card","West"
116,58,"Female",66638,16,1412.46,8,"Credit Card","East"
117,41,"Other",53517,34,1404.12,8,"Credit Card","North"
118,29,"Female",52562,35,644.26,2,"Credit Card","East"
119,33,"Female",42598,36,1198.96,5,"Credit Card","South"
120,46,"Male",81451,39,2380.37,8,"Credit Card","West"
121,26,"Male",60055,15,1859.43,8,"PayPal","East"
122,39,"Other",74790,26,2128.3,1,"Credit Card","South"
123,50,"Other",49495,18,1913.35,9,"Credit Card","East"
124,27,"Male",43627,27,1126.68,9,"Credit Card","South"
125,40,"Female",40224,30,932.82,9,"PayPal","South"
126,32,"Male",66878,39,1577.1,3,"Credit Card","South"
127,43,"Male",56002,30,1382.72,9,"Credit Card","South"
128,43,"Female",48834,39,1370.39,2,"Credit Card","East"
129,29,"Other",71493,37,2048.18,7,"Credit Card","South"
130,29,"Female",60418,39,1456.05,8,"PayPal","East"
131,43,"Male",46704,38,382.25,8,"Credit Card","North"
132,45,"Male",33518,34,769.77,2,"Credit Card","West"
133,45,"Male",73957,24,2139.14,2,"Credit Card","East"
134,64,"Male",27868,30,63.93,7,"Credit Card","South"
135,39,"Male",39679,39,1001.59,9,"Credit Card","West"
136,40,"Female",74673,44,1560.97,9,"Credit Card","West"
137,20,"Female",75732,32,1924.99,7,"Credit Card","South"
138,26,"Female",53800,30,1105.16,9,"Credit Card","North"
139,48,"Female",65346,22,1693.42,9,"Credit Card","East"
140,38,"Male",52610,47,1496.7,7,"Credit Card","West"
141,33,"Male",70556,36,1631.95,7,"Credit Card","South"
142,39,"Female",67344,28,2059.12,7,"Credit Card","West"
143,23,"Female",79815,10,2379.45,8,"Credit Card","South"
144,24,"Female",70891,14,2279.54,7,"Credit Card","South"
145,21,"Male",60850,44,1252.85,8,"Credit Card","West"
146,41,"Female",47771,34,879.45,7,"Credit Card","West"
147,58,"Female",61597,40,1972.42,2,"Credit Card","West"
148,40,"Male",53539,22,1273.84,5,"Credit Card","West"
149,38,"Male",57115,50,1379.8,7,"Credit Card","West"
150,43,"Female",64823,27,1445.74,8,"Credit Card","North"
151,26,"Male",64054,50,1563.42,2,"Credit Card","West"
152,39,"Female",34348,16,696.43,9,"Credit Card","North"
153,41,"Male",64841,29,1498.37,9,"Credit Card","East"
154,58,"Male",56086,24,1393.39,9,"Credit Card","East"
155,40,"Male",55355,35,1571.7,9,"Credit Card","East"
156,62,"Male",23313,10,718.06,9,"Credit Card","North"
157,29,"Male",38295,24,1344.87,4,"Credit Card","West"
158,18,"Male",63261,33,1292.2,9,"Credit Card","West"
159,48,"Female",68484,29,1823.89,7,"Credit Card","North"
160,34,"Female",66745,19,2166.16,7,"Credit Card","North"
161,40,"Female",62686,28,1375.18,1,"Credit Card","East"
162,28,"Male",54123,23,1637.82,6,"Credit Card","East"
163,38,"Female",61193,21,1034.25,6,"PayPal","East"
164,34,"Male",60388,50,1665.67,8,"Credit Card","West"
165,58,"Male",63575,32,1417.98,9,"Credit Card","South"
166,37,"Female",64860,35,1383.75,9,"Credit Card","South"
167,24,"Male",62540,31,1839.56,7,"Credit Card","East"
168,58,"Male",81122,47,2024.99,9,"Credit Card","West"
169,20,"Other",75149,29,1626.49,9,"Credit Card","South"
170,48,"Other",63831,30,1557.07,9,"Credit Card","East"
171,19,"Female",69976,49,1529.12,4,"Credit Card","West"
172,25,"Female",21163,28,-263.71,5,"Credit Card","East"
173,52,"Other",56341,24,1745.34,8,"Credit Card","East"
174,35,"Female",43411,28,1008.78,7,"Credit Card","North"
175,57,"Male",79211,33,1643.84,9,"Credit Card","North"
176,19,"Female",60242,42,1331.53,1,"PayPal","West"
177,43,"Male",49896,26,1508.15,7,"Cash on Delivery","West"
178,26,"Female",66258,34,1624.99,9,"Credit Card","East"
179,19,"Male",87235,37,3014.65,4,"Credit Card","East"
180,27,"Other",51473,25,1218.25,9,"Credit Card","South"
181,65,"Male",53852,22,1613.05,7,"Credit Card","East"
182,27,"Female",52313,26,1733.96,8,"Credit Card","North"
183,27,"Female",51416,22,197.18,5,"Credit Card","West"
184,59,"Male",73542,25,2231.45,8,"Credit Card","North"
185,38,"Female",48780,38,849.41,1,"Credit Card","South"
186,52,"Female",58799,36,1202.02,9,"PayPal","North"
187,38,"Male",44171,29,1133.95,9,"Credit Card","East"
188,26,"Female",64081,19,1992.51,1,"Credit Card","North"
189,32,"Female",57071,27,859.42,8,"Credit Card","North"
190,43,"Female",40746,41,1352.17,5,"Credit Card","West"
191,25,"Male",50372,41,793.09,4,"Credit Card","West"
192,25,"Female",45440,19,721.07,8,"Credit Card","North"
193,45,"Male",40615,31,1324.63,8,"Credit Card","South"
194,18,"Female",47059,25,961.29,9,"Credit Card","North"
195,58,"Male",27572,16,841.72,8,"Credit Card","South"
196,34,"Male",80521,46,2445.03,7,"Credit Card","West"
197,39,"Female",52547,34,1678.36,8,"Credit Card","West"
198,38,"Female",62346,50,1482.11,1,"Credit Card","West"
199,42,"Male",60636,48,1659.52,8,"Credit Card","West"
200,41,"Male",64497,38,1654.85,8,"PayPal","West"
201,43,"Female",60327,32,1796.24,1,"Credit Card","South"
202,41,"Female",71306,28,1801.72,9,"Credit Card","East"
203,40,"Male",76009,32,2629.04,9,"Credit Card","West"
204,23,"Male",49959,25,1771.35,9,"Credit Card","East"
205,34,"Male",37523,16,1256.33,8,"Credit Card","East"
206,43,"Female",63655,20,2037,8,"Credit Card","West"
207,23,"Male",58206,19,2230.28,9,"Credit Card","East"
208,59,"Male",47886,36,1282.17,2,"Credit Card","West"
209,32,"Female",61370,37,1380.04,9,"Credit Card","East"
210,65,"Male",73886,38,1475.38,8,"Credit Card","South"
211,28,"Female",60807,29,1768.53,8,"Credit Card","West"
212,44,"Male",41631,46,933.11,7,"Credit Card","West"
213,20,"Other",64765,50,1702.51,3,"Credit Card","West"
214,33,"Female",42818,22,1145.41,3,"Credit Card","East"
215,19,"Male",64109,34,1338.46,9,"Credit Card","West"
216,43,"Female",63052,25,1770.85,8,"Credit Card","North"
217,44,"Female",82685,25,2118.92,7,"Credit Card","West"
218,26,"Female",57147,38,1775.65,9,"Credit Card","East"
219,34,"Male",71010,28,1928.05,9,"Credit Card","South"
220,44,"Male",73282,39,1805.37,3,"Credit Card","South"
221,44,"Female",56869,30,1452.24,8,"Credit Card","West"
222,19,"Female",37960,34,1281.7,9,"Credit Card","South"
223,31,"Male",59470,35,1347,3,"Credit Card","East"
224,26,"Female",64499,48,1852.32,7,"Credit Card","West"
225,63,"Female",65875,17,1481.21,9,"Credit Card","North"
226,18,"Male",62610,13,2390.45,4,"Credit Card","North"
227,18,"Female",56821,26,1815.93,9,"Credit Card","North"
228,34,"Other",76359,28,1909.11,9,"Credit Card","North"
229,31,"Female",59546,32,1856.75,8,"Credit Card","East"
230,20,"Female",58638,16,1197.79,7,"PayPal","North"
231,43,"Female",66859,40,1936.52,9,"Credit Card","East"
232,37,"Female",65889,31,1020.56,7,"Credit Card","East"
233,32,"Other",86396,10,1941.72,8,"Credit Card","South"
234,48,"Male",79410,50,2242.7,8,"Credit Card","West"
235,45,"Male",74739,21,2593.4,3,"Credit Card","East"
236,40,"Male",63933,40,1984.06,9,"Credit Card","South"
237,30,"Female",50487,32,1341.87,8,"Credit Card","South"
238,33,"Female",43679,36,1335.43,8,"Credit Card","South"
239,37,"Female",46005,25,813.68,4,"Credit Card","North"
240,28,"Male",47053,28,1342.09,8,"Credit Card","North"
241,26,"Male",67536,25,676.3,4,"PayPal","East"
242,30,"Female",51528,17,1446.9,8,"Credit Card","North"
243,30,"Female",57353,37,1489.07,7,"Credit Card","South"
244,29,"Female",79821,21,2088.37,8,"Credit Card","East"
245,56,"Female",64089,36,1499.35,9,"PayPal","West"
246,30,"Male",60166,21,1437.64,8,"Credit Card","West"
247,35,"Other",48292,32,1356.12,7,"Credit Card","West"
248,28,"Male",49483,18,611.97,7,"PayPal","South"
249,20,"Male",48610,50,1100.25,9,"Credit Card","West"
250,27,"Male",57446,40,1704.73,4,"Credit Card","North"
251,52,"Female",50156,14,825.4,7,"Credit Card","East"
252,64,"Male",62363,49,1320.32,1,"Credit Card","West"
253,59,"Male",76401,38,2078.77,7,"Cash on Delivery","West"
254,33,"Male",64516,30,1372.06,9,"Credit Card","West"
255,35,"Male",51623,19,1127.35,9,"Credit Card","North"
256,34,"Male",43869,30,1018.86,3,"Credit Card","North"
257,45,"Other",63012,21,1663.78,3,"Credit Card","West"
258,56,"Female",61260,40,1174.98,7,"Credit Card","North"
259,45,"Female",46104,35,1117.07,1,"Credit Card","West"
260,32,"Female",65801,35,1692.78,9,"Credit Card","South"
261,32,"Female",69906,20,1736.94,8,"Credit Card","West"
262,62,"Male",55859,31,1886.71,9,"Credit Card","West"
263,34,"Female",64692,19,1612.96,9,"Credit Card","East"
264,28,"Male",49714,26,1190.61,1,"Credit Card","West"
265,25,"Male",94023,22,2808.78,8,"Credit Card","East"
266,32,"Male",34618,33,939.61,8,"Credit Card","North"
267,34,"Female",68818,28,2416.35,8,"Credit Card","South"
268,41,"Female",60996,23,1501.89,9,"Credit Card","North"
269,34,"Male",38930,25,472.39,7,"PayPal","West"
270,65,"Male",54858,23,887.76,7,"PayPal","East"
271,40,"Female",49301,10,1329.26,6,"Credit Card","East"
272,34,"Female",52557,38,1873.06,7,"Credit Card","West"
273,29,"Male",49926,32,870.71,8,"Credit Card","West"
274,61,"Male",55027,30,1300.05,8,"PayPal","South"
275,21,"Male",62569,15,1527.87,7,"Credit Card","North"
276,27,"Male",45309,36,1499.04,7,"Credit Card","South"
277,36,"Female",64815,21,1318.58,4,"Credit Card","West"
278,24,"Male",46322,24,1774.14,2,"Credit Card","West"
279,45,"Female",79813,31,1745.86,7,"Credit Card","West"
280,31,"Female",57830,27,1253.59,1,"Credit Card","South"
281,30,"Female",45435,35,962.82,8,"Credit Card","North"
282,25,"Female",56039,24,1727.59,8,"Credit Card","North"
283,46,"Male",71075,16,1758.35,2,"Credit Card","East"
284,39,"Female",64986,10,1066.09,7,"Credit Card","East"
285,22,"Male",54839,25,1763.53,1,"Credit Card","North"
286,61,"Male",85584,25,2272.05,8,"Credit Card","South"
287,31,"Male",64600,39,1856.79,7,"Credit Card","East"
288,39,"Female",56493,35,1888.14,2,"Credit Card","South"
289,40,"Male",51414,38,1182.12,7,"Credit Card","North"
290,33,"Male",77821,21,1619.62,8,"Credit Card","South"
291,37,"Male",68223,13,1132.47,7,"Credit Card","East"
292,40,"Male",37167,24,761.38,8,"Credit Card","East"
293,28,"Male",75430,40,1587.49,8,"Credit Card","West"
294,62,"Male",71838,33,1984.5,8,"Credit Card","North"
295,58,"Male",65114,25,1309.35,7,"Credit Card","North"
296,43,"Male",37584,36,411.77,8,"PayPal","South"
297,31,"Male",56617,31,1798.56,9,"Credit Card","North"
298,39,"Male",55384,24,1359.73,7,"Credit Card","West"
299,36,"Female",62665,16,2107.41,1,"Credit Card","South"
300,21,"Male",26615,27,512.52,9,"Credit Card","South"
301,39,"Male",74621,32,1681.55,9,"Credit Card","East"
302,32,"Female",36481,35,860.86,6,"Credit Card","North"
303,32,"Male",55648,34,1578.46,7,"Credit Card","South"
304,24,"Male",43715,19,1109.08,4,"PayPal","East"
305,36,"Female",52692,36,1402.89,9,"Credit Card","West"
306,27,"Female",46758,28,814.12,9,"Credit Card","West"
307,57,"Male",62803,40,1287.54,2,"Credit Card","North"
308,27,"Female",57545,12,1420.14,9,"Credit Card","North"
309,32,"Male",58675,26,1202.9,9,"Credit Card","East"
310,35,"Male",69539,28,1954.91,4,"Credit Card","West"
311,42,"Female",74942,23,1924.25,9,"Credit Card","North"
312,34,"Female",76301,28,1942.76,1,"Credit Card","East"
313,35,"Male",67153,25,1692.48,9,"Credit Card","East"
314,19,"Male",56298,22,1146.6,6,"Credit Card","North"
315,55,"Female",46810,34,1482.14,7,"Credit Card","South"
316,44,"Female",42379,48,1030.98,7,"Credit Card","West"
317,32,"Female",79703,19,1999.06,4,"Credit Card","North"
318,18,"Male",61525,30,1898.8,3,"Credit Card","West"
319,42,"Male",88766,39,2420.34,8,"Credit Card","West"
320,63,"Female",71581,22,2345.27,8,"Credit Card","West"
321,59,"Other",69123,25,1118.04,9,"PayPal","West"
322,41,"Male",57753,30,1084.44,3,"Credit Card","West"
323,34,"Male",73544,26,2073.74,8,"Credit Card","South"
324,25,"Female",75103,38,1783.38,3,"Credit Card","North"
325,23,"Male",28433,37,821.45,3,"Credit Card","West"
326,29,"Male",59170,13,1628.37,4,"Credit Card","North"
327,27,"Male",57859,34,1232.96,3,"Credit Card","North"
328,41,"Male",66723,32,2303.17,8,"Credit Card","South"
329,33,"Male",89068,11,2640.35,8,"Cash on Delivery","South"
330,60,"Male",88957,10,2115.22,5,"PayPal","East"
331,49,"Male",69564,30,1558.37,9,"Credit Card","West"
332,43,"Other",65678,25,1794.57,6,"Credit Card","East"
333,44,"Male",99663,31,2037.13,7,"Cash on Delivery","East"
334,26,"Female",70877,22,1720.13,1,"Credit Card","West"
335,52,"Male",40358,10,816.17,2,"Credit Card","East"
336,48,"Female",46967,39,1053.08,7,"Credit Card","West"
337,29,"Male",59796,33,2366.25,5,"Credit Card","East"
338,28,"Female",74992,16,1830,8,"Credit Card","South"
339,40,"Male",51167,38,1560.34,8,"Credit Card","West"
340,60,"Female",68155,39,1227.79,5,"Credit Card","North"
341,36,"Male",39935,40,417.1,8,"Credit Card","West"
342,42,"Female",64396,25,2052.38,7,"Credit Card","East"
343,36,"Male",55947,17,1404.16,7,"Credit Card","South"
344,45,"Male",79651,27,1996.03,7,"Credit Card","South"
345,42,"Female",85398,39,2047.76,7,"Credit Card","North"
346,32,"Male",62255,30,1457.08,4,"Credit Card","West"
347,36,"Other",64718,38,1387.77,8,"Credit Card","North"
348,64,"Male",59220,26,1347.42,2,"Credit Card","East"
349,31,"Female",74342,15,2097.83,8,"Credit Card","East"
350,21,"Other",62909,34,1340.12,9,"Credit Card","West"
351,31,"Male",51780,12,1690.62,7,"Credit Card","South"
352,41,"Female",64589,37,1495.36,5,"PayPal","North"
353,27,"Male",49158,16,598.55,8,"Credit Card","South"
354,39,"Male",45744,33,1068.86,9,"PayPal","North"
355,62,"Female",63196,37,1780.21,9,"Credit Card","West"
356,21,"Female",69142,25,2071.29,3,"Credit Card","West"
357,35,"Male",66636,29,1158.87,7,"Credit Card","West"
358,20,"Female",54646,26,1240.24,8,"PayPal","North"
359,41,"Male",86279,14,2685.45,9,"Credit Card","East"
360,61,"Female",47268,38,1439.27,8,"Credit Card","West"
361,44,"Male",59447,48,1738.88,6,"Credit Card","West"
362,33,"Female",53329,37,1166.53,7,"Credit Card","East"
363,41,"Male",67178,16,1485.23,8,"Credit Card","North"
364,25,"Male",58832,30,1521.21,8,"PayPal","North"
365,33,"Male",59946,32,1693.63,7,"PayPal","East"
366,28,"Female",67347,33,1619.09,8,"PayPal","South"
367,65,"Female",41777,19,949.69,9,"Credit Card","North"
368,29,"Female",57044,22,1745.8,1,"Credit Card","West"
369,60,"Female",85630,43,2512.27,8,"Credit Card","West"
370,40,"Male",48606,25,1130.57,7,"Credit Card","South"
371,35,"Other",74586,50,1713.14,9,"Credit Card","West"
372,33,"Male",44522,33,1338.38,8,"Credit Card","East"
373,38,"Female",71529,31,1857.47,8,"Credit Card","West"
374,65,"Other",64519,13,1578.44,4,"PayPal","North"
375,65,"Female",66368,16,1917.68,4,"Credit Card","North"
376,43,"Female",60099,34,1495.72,9,"Credit Card","West"
377,44,"Male",71119,29,2437.89,8,"Credit Card","South"
378,42,"Female",83385,26,1781.47,9,"Credit Card","North"
379,45,"Male",53742,12,889.05,1,"Credit Card","East"
380,25,"Female",53695,18,903.05,6,"Credit Card","North"
381,30,"Male",70458,30,2435.91,7,"Credit Card","East"
382,34,"Other",56836,45,1265.25,9,"Credit Card","West"
383,45,"Male",83116,16,2303.75,7,"Credit Card","South"
384,39,"Male",64272,25,1206.29,8,"PayPal","South"
385,48,"Female",64829,30,1440.35,2,"Credit Card","East"
386,54,"Male",43972,37,1141.72,9,"Credit Card","East"
387,22,"Male",81386,23,2407.54,7,"Credit Card","West"
388,42,"Female",77994,14,2548.97,8,"Credit Card","East"
389,41,"Female",34829,36,652.97,7,"Credit Card","West"
390,45,"Other",87432,28,2358.15,7,"Credit Card","East"
391,31,"Female",51972,39,1581.47,7,"Credit Card","West"
392,62,"Female",47465,24,740.68,9,"Credit Card","South"
393,30,"Female",48623,28,1139.96,9,"Credit Card","West"
394,27,"Other",40138,38,929.38,9,"Cash on Delivery","North"
395,24,"Male",71827,17,2650.79,9,"Credit Card","North"
396,29,"Male",39349,36,858.66,4,"Credit Card","South"
397,54,"Female",43944,29,1140.61,8,"Credit Card","West"
398,45,"Male",45199,23,1349.66,9,"Credit Card","East"
399,43,"Male",68049,45,1493.48,9,"Credit Card","West"
400,22,"Male",53322,14,1460.81,8,"Credit Card","East"
401,39,"Male",59947,24,1536.7,8,"Credit Card","West"
402,30,"Female",50643,33,883.62,8,"Credit Card","East"
403,28,"Female",66913,21,1641.68,9,"Credit Card","South"
404,27,"Female",51337,36,1530.59,9,"Credit Card","East"
405,43,"Female",85314,29,2424.89,8,"Credit Card","South"
406,42,"Female",60385,40,1821.32,6,"Credit Card","South"
407,36,"Female",51145,29,1144.69,7,"Credit Card","South"
408,34,"Female",80730,38,1745.94,7,"Credit Card","West"
409,31,"Male",60479,39,1781.23,7,"Credit Card","North"
410,30,"Female",44962,13,480.77,7,"Credit Card","South"
411,41,"Female",45665,42,801.43,1,"Credit Card","West"
412,30,"Female",67358,43,1519.01,9,"Credit Card","West"
413,24,"Male",42309,18,1646.71,9,"Credit Card","East"
414,37,"Male",83351,30,2562.97,9,"Credit Card","West"
415,47,"Other",46436,19,1059.6,3,"Credit Card","East"
416,42,"Male",37459,10,1565.14,9,"PayPal","South"
417,35,"Male",36527,40,398.02,9,"Credit Card","West"
418,27,"Male",45087,23,974.91,7,"Credit Card","South"
419,43,"Male",68363,18,915.76,8,"PayPal","East"
420,45,"Female",31008,19,365.93,5,"Credit Card","North"
421,22,"Female",52679,28,1316.98,7,"Credit Card","West"
422,50,"Male",58940,20,1339.54,7,"Credit Card","South"
423,29,"Female",38706,33,928.89,9,"Credit Card","North"
424,23,"Male",62843,16,1236.31,5,"Credit Card","South"
425,44,"Other",20663,23,524.18,7,"Credit Card","North"
426,38,"Female",34846,27,827.53,2,"Credit Card","South"
427,34,"Male",83141,11,2323.23,2,"Credit Card","North"
428,38,"Male",85218,27,2174.47,4,"Credit Card","West"
429,39,"Male",75647,17,2227.19,7,"Credit Card","North"
430,22,"Male",98115,45,2896.92,2,"Credit Card","West"
431,33,"Male",51573,33,1533.84,7,"Credit Card","West"
432,20,"Female",86161,40,2225.85,7,"Credit Card","West"
433,38,"Female",42878,17,996.34,1,"Credit Card","South"
434,25,"Female",73640,10,1511.4,8,"Credit Card","East"
435,35,"Female",34601,24,749.51,7,"Credit Card","North"
436,19,"Male",68075,32,2179.12,7,"Credit Card","South"
437,40,"Female",27793,12,646.72,9,"Credit Card","North"
438,29,"Female",35186,27,1016.36,9,"Credit Card","North"
439,22,"Male",42418,23,1018.12,8,"Credit Card","North"
440,44,"Other",48913,23,1097.72,4,"Credit Card","North"
441,31,"Female",62888,15,1653.53,4,"Credit Card","East"
442,39,"Male",57154,40,1421.18,7,"Credit Card","South"
443,30,"Female",80005,42,1782.29,7,"Credit Card","West"
444,26,"Female",82317,35,2131.66,7,"Credit Card","East"
445,25,"Female",72909,38,1540.37,7,"Credit Card","North"
446,19,"Female",53850,43,669.19,9,"Credit Card","West"
447,44,"Male",60144,25,1893.35,8,"Credit Card","North"
448,18,"Female",57836,33,1920.47,7,"Credit Card","South"
449,27,"Male",75016,40,2472.6,5,"Credit Card","West"
450,30,"Female",58885,30,1169.07,9,"Credit Card","East"
451,25,"Female",48714,38,1297.14,8,"Credit Card","North"
452,35,"Female",68276,23,1684.6,9,"Credit Card","East"
453,20,"Female",27327,40,576.92,8,"Credit Card","West"
454,45,"Male",61388,38,1492.37,9,"Credit Card","West"
455,60,"Female",49694,29,1589.44,1,"Credit Card","East"
456,28,"Male",54747,25,1565.47,8,"Credit Card","West"
457,32,"Male",68999,16,1562.89,9,"Credit Card","East"
458,42,"Male",63487,37,2167.67,5,"PayPal","West"
459,49,"Male",69374,39,1521.48,8,"Credit Card","North"
460,40,"Male",60417,11,1133.66,9,"Credit Card","North"
461,34,"Male",47418,34,688.31,9,"Credit Card","East"
462,41,"Male",44733,40,1177.63,9,"Credit Card","South"
463,24,"Female",59283,19,1328.12,7,"Credit Card","East"
464,41,"Other",90334,32,2205.91,8,"Credit Card","East"
465,31,"Male",34536,28,167.62,9,"Credit Card","South"
466,32,"Female",62526,28,1323.99,1,"Credit Card","West"
467,24,"Female",52167,27,1261.04,9,"Credit Card","West"
468,28,"Female",49023,33,689.56,8,"Credit Card","South"
469,36,"Male",68347,38,1343.22,9,"Credit Card","West"
470,26,"Female",56392,42,973.01,9,"Credit Card","West"
471,34,"Male",80484,26,2267.15,5,"Credit Card","West"
472,44,"Female",48319,32,1413.89,8,"Credit Card","East"
473,41,"Male",33853,17,324.08,8,"PayPal","South"
474,20,"Female",41826,39,1186.54,9,"Credit Card","East"
475,19,"Female",41693,11,608.28,7,"Credit Card","South"
476,18,"Male",70970,10,2153.01,2,"Credit Card","North"
477,34,"Female",61770,13,1454.07,4,"Credit Card","East"
478,19,"Female",69085,32,2037.68,7,"Credit Card","East"
479,53,"Female",63829,13,1848.36,8,"Credit Card","South"
480,63,"Male",74090,35,1966.23,8,"Credit Card","East"
481,23,"Female",77850,32,1787.12,8,"Credit Card","South"
482,58,"Female",74281,29,2477.45,8,"Credit Card","North"
483,45,"Male",53575,12,1715.37,8,"Credit Card","South"
484,31,"Female",46905,11,1436.99,7,"Credit Card","North"
485,29,"Female",68098,31,1911.61,1,"PayPal","North"
486,31,"Female",73875,21,1425.59,7,"PayPal","South"
487,45,"Female",45476,27,380.41,1,"Credit Card","South"
488,45,"Female",72405,49,1556.04,2,"Credit Card","West"
489,60,"Male",49582,14,1345.93,8,"Credit Card","East"
490,22,"Female",56128,29,1347.14,9,"Credit Card","North"
491,18,"Male",52357,32,786.01,7,"Credit Card","East"
492,31,"Male",53863,38,1062.02,7,"Credit Card","West"
493,38,"Female",20170,41,714.47,8,"Credit Card","West"
494,40,"Male",63778,19,1138.65,1,"Credit Card","East"
495,59,"Male",46027,34,833.57,8,"Credit Card","East"
496,32,"Other",50598,12,1007.84,8,"Credit Card","North"
497,20,"Male",43471,25,1008.44,8,"Credit Card","West"
498,45,"Male",58128,30,974.47,8,"Credit Card","East"
499,36,"Male",55659,21,1717.85,7,"Credit Card","East"
500,18,"Male",74169,25,2618.29,2,"Credit Card","East"
501,29,"Male",70653,17,1954.29,8,"Credit Card","South"
502,40,"Other",67497,30,1728.91,8,"Credit Card","South"
503,36,"Female",29014,20,1407.59,6,"PayPal","West"
504,50,"Female",64701,30,1579.76,6,"Credit Card","South"
505,37,"Female",30924,38,443.17,9,"Credit Card","East"
506,50,"Male",95656,16,2604.59,2,"Credit Card","East"
507,38,"Other",61429,29,1851.7,8,"Credit Card","South"
508,21,"Male",41576,31,1270.47,4,"Credit Card","East"
509,32,"Other",59993,28,1480.63,5,"Credit Card","West"
510,26,"Other",62724,20,1832.96,5,"Credit Card","South"
511,37,"Female",75887,39,1735.59,9,"Credit Card","West"
512,35,"Male",77487,24,2246.62,9,"Credit Card","South"
513,35,"Male",2622,14,-353.5,7,"Credit Card","East"
514,41,"Female",74601,17,2163.84,5,"Credit Card","North"
515,33,"Male",31879,13,709.96,8,"Credit Card","North"
516,20,"Male",70445,32,1571.88,8,"Credit Card","East"
517,44,"Male",36724,17,878.38,8,"Credit Card","North"
518,44,"Female",56742,22,874.25,9,"PayPal","North"
519,25,"Male",63005,27,1605.67,7,"Credit Card","West"
520,31,"Female",93667,24,2356.01,2,"Credit Card","West"
521,54,"Female",51028,13,1113.92,1,"Credit Card","South"
522,37,"Male",95646,42,2344.25,1,"Credit Card","West"
523,28,"Female",38657,21,1297.65,8,"Cash on Delivery","West"
524,23,"Female",53735,49,913,9,"Credit Card","West"
525,24,"Male",49921,40,1053.91,8,"Credit Card","South"
526,25,"Female",45910,35,671.82,7,"Credit Card","South"
527,43,"Male",67505,17,1547.48,5,"Credit Card","East"
528,37,"Female",67437,34,1402.67,1,"Credit Card","South"
529,27,"Female",25616,28,265.18,3,"Credit Card","South"
530,65,"Female",45562,36,886.42,4,"Credit Card","West"
531,42,"Male",34712,28,539.33,7,"Credit Card","West"
532,24,"Male",78314,29,2274.65,9,"Credit Card","East"
533,53,"Female",72884,20,1676.04,1,"Credit Card","North"
534,34,"Female",67427,40,1485.93,7,"Credit Card","West"
535,21,"Male",88445,19,2370.89,3,"Credit Card","South"
536,31,"Other",60688,24,1589.33,7,"Credit Card","South"
537,61,"Female",64848,24,1595.14,7,"Credit Card","West"
538,21,"Other",43541,48,870.35,8,"Credit Card","West"
539,30,"Male",91788,25,2717.54,7,"Credit Card","South"
540,32,"Female",56871,24,1121.43,2,"Credit Card","North"
541,45,"Female",51191,26,1729.24,7,"Credit Card","North"
542,24,"Male",52737,21,1347.71,2,"Credit Card","East"
543,40,"Male",93437,17,2472.53,2,"Credit Card","North"
544,32,"Female",44177,44,722.41,7,"Credit Card","West"
545,36,"Male",66981,26,1995.21,8,"Credit Card","North"
546,37,"Male",57099,11,930.9,7,"Cash on Delivery","East"
547,28,"Other",74480,38,1767.05,9,"Credit Card","West"
548,20,"Female",73014,28,1997.21,5,"Credit Card","East"
549,32,"Other",43868,36,532.92,6,"Credit Card","North"
550,31,"Female",24058,31,272.65,2,"Credit Card","East"
551,44,"Male",87689,18,2717.45,8,"Credit Card","North"
552,33,"Male",92151,45,2922.96,7,"Credit Card","West"
553,26,"Male",50256,35,965.8,9,"PayPal","South"
554,38,"Male",84413,28,2688.31,2,"Credit Card","West"
555,57,"Male",69392,37,1570.73,9,"PayPal","West"
556,43,"Female",56547,39,1912.86,1,"Credit Card","East"
557,51,"Female",70915,12,1688.52,2,"Credit Card","North"
558,60,"Female",59942,30,1137.46,9,"Credit Card","West"
559,21,"Female",70234,10,2538.82,8,"PayPal","North"
560,34,"Female",64001,36,1470.64,7,"Credit Card","South"
561,57,"Female",66643,49,1768.44,9,"Credit Card","West"
562,26,"Male",57599,18,1783.93,8,"Credit Card","North"
563,27,"Male",64541,26,1816.59,8,"Credit Card","North"
564,53,"Female",81476,35,2090.1,7,"Credit Card","North"
565,31,"Male",71405,49,1570.09,9,"Credit Card","West"
566,38,"Other",66868,34,1053.17,9,"PayPal","West"
567,44,"Male",63717,19,1848.33,4,"Credit Card","North"
568,23,"Male",59825,34,1450.56,3,"Credit Card","West"
569,22,"Male",37793,22,781.82,9,"Credit Card","South"
570,59,"Female",46797,24,1172.33,8,"Credit Card","East"
571,26,"Male",74979,19,2131.81,8,"Credit Card","South"
572,19,"Male",63133,39,1934.66,6,"Credit Card","South"
573,25,"Female",52373,22,1191.52,1,"PayPal","South"
574,59,"Male",69801,23,1608.83,5,"Credit Card","East"
575,58,"Female",44851,48,1119.94,7,"Credit Card","West"
576,23,"Male",63050,26,1462.77,7,"Credit Card","West"
577,54,"Other",47482,34,1467.17,5,"Cash on Delivery","North"
578,36,"Female",50621,40,1481.54,7,"Credit Card","West"
579,46,"Male",67672,33,1540.3,9,"Credit Card","North"
580,29,"Female",51010,40,1783.94,7,"Credit Card","South"
581,37,"Female",58592,13,1755.72,7,"Credit Card","East"
582,55,"Male",64689,41,1687.86,8,"Credit Card","West"
583,39,"Male",43092,40,1010.43,7,"PayPal","East"
584,31,"Female",95684,10,2232.48,8,"Credit Card","South"
585,57,"Other",75692,35,1826.73,9,"Credit Card","East"
586,48,"Other",64467,14,1436.2,7,"Credit Card","East"
587,33,"Female",33188,35,972.04,9,"Credit Card","East"
588,45,"Female",75067,22,1952.59,4,"Credit Card","South"
589,31,"Female",78663,42,1631.91,6,"Credit Card","West"
590,43,"Male",67675,22,1439.88,7,"Credit Card","North"
591,39,"Female",67122,26,1738.73,4,"Credit Card","North"
592,28,"Male",52247,40,941.27,4,"Credit Card","West"
593,49,"Other",35104,12,618.09,1,"Credit Card","South"
594,37,"Male",63360,28,1378.15,8,"Credit Card","North"
595,32,"Female",87109,25,2402.33,7,"Credit Card","South"
596,19,"Female",62846,33,2234.4,6,"Credit Card","South"
597,41,"Female",42556,27,1057.98,9,"Credit Card","North"
598,42,"Female",105264,26,2602.77,9,"Credit Card","East"
599,18,"Female",54214,10,916.32,8,"Credit Card","East"
600,42,"Female",68441,32,1366.53,5,"Credit Card","East"
601,26,"Female",73293,26,2345.28,7,"Credit Card","West"
602,34,"Male",54653,13,1341.41,8,"Credit Card","South"
603,23,"Male",63736,19,2020.9,7,"Credit Card","North"
604,45,"Male",54462,13,1745.67,9,"Credit Card","South"
605,63,"Female",60624,23,2015.44,3,"PayPal","West"
606,35,"Other",78261,36,1511.29,6,"Credit Card","West"
607,32,"Other",74384,15,1179.22,6,"Credit Card","East"
608,41,"Female",53459,35,1334.29,7,"Credit Card","North"
609,35,"Female",81597,13,1709.71,9,"Credit Card","North"
610,18,"Female",72248,36,2136.19,7,"Credit Card","West"
611,33,"Other",33630,32,907.8,7,"Credit Card","East"
612,41,"Male",59279,25,1534.82,9,"Credit Card","West"
613,51,"Female",82417,12,2159.42,1,"Credit Card","North"
614,40,"Male",12817,22,362.61,7,"Credit Card","North"
615,29,"Female",52003,46,1573.57,7,"Credit Card","West"
616,58,"Female",74281,27,2300.72,1,"Credit Card","West"
617,31,"Female",67039,40,1723.16,2,"Credit Card","East"
618,18,"Female",46568,25,741.59,8,"Credit Card","East"
619,44,"Male",68026,15,1774.57,7,"Credit Card","North"
620,29,"Other",48736,23,1447.06,9,"Credit Card","West"
621,28,"Other",44283,11,996.95,2,"Credit Card","South"
622,43,"Male",26992,49,405.91,9,"Credit Card","West"
623,45,"Female",72762,28,1906,9,"Credit Card","South"
624,37,"Female",63618,33,1608.38,1,"Credit Card","East"
625,36,"Male",64038,29,1408.71,4,"Credit Card","North"
626,43,"Male",84368,36,2099.69,7,"Credit Card","South"
627,57,"Male",42337,28,1183.36,7,"Credit Card","South"
628,25,"Male",51824,35,1594.87,8,"Credit Card","South"
629,25,"Female",47853,12,1480.02,8,"Credit Card","South"
630,24,"Female",58222,32,1300.36,8,"Credit Card","West"
631,28,"Female",93655,47,2229.92,8,"Credit Card","West"
632,38,"Male",76580,17,1347.88,8,"Credit Card","East"
633,30,"Female",46389,22,637.88,9,"Credit Card","North"
634,30,"Male",69151,25,1560.15,9,"Credit Card","East"
635,34,"Male",43749,20,1451.41,9,"Credit Card","South"
636,33,"Male",45612,32,684.83,6,"Credit Card","East"
637,45,"Male",69651,16,1506.14,4,"Credit Card","East"
638,64,"Male",75894,30,1417.47,7,"Credit Card","East"
639,30,"Male",55318,26,1533.8,7,"Credit Card","West"
640,40,"Other",31773,22,-55.12,7,"Credit Card","South"
641,33,"Female",68276,21,2149.3,8,"Credit Card","South"
642,24,"Male",65695,32,1088.78,9,"Credit Card","West"
643,33,"Male",71201,29,2112.76,1,"Credit Card","East"
644,29,"Female",36725,29,404.37,8,"Credit Card","South"
645,29,"Other",77403,28,1964.8,8,"Credit Card","South"
646,36,"Male",64181,11,1259.34,7,"Credit Card","East"
647,49,"Female",35109,10,822.64,3,"Credit Card","East"
648,27,"Female",60071,10,1473.23,7,"Credit Card","East"
649,55,"Female",61772,34,1717.63,7,"Credit Card","North"
650,40,"Female",74782,14,1749.11,7,"Credit Card","South"
651,44,"Female",35566,41,634.82,9,"Credit Card","West"
652,35,"Female",74099,20,1583.88,9,"Credit Card","East"
653,23,"Male",60191,44,1145.19,2,"Cash on Delivery","West"
654,64,"Female",64734,39,1302.48,5,"PayPal","West"
655,38,"Female",48531,22,1638.22,2,"Credit Card","North"
656,64,"Female",54492,40,2104.3,3,"Credit Card","West"
657,43,"Male",56227,34,1398.4,7,"Credit Card","West"
658,59,"Other",49782,37,1473.54,9,"Credit Card","South"
659,24,"Male",57442,47,1344.1,9,"Cash on Delivery","West"
660,34,"Female",56550,43,1022.54,6,"Credit Card","West"
661,26,"Other",51304,11,1179.11,9,"Credit Card","North"
662,26,"Female",61977,32,1936.51,9,"PayPal","East"
663,39,"Female",83079,28,1841.89,9,"PayPal","East"
664,34,"Female",57621,16,1840.22,8,"Credit Card","South"
665,41,"Male",33138,46,962.33,9,"Credit Card","West"
666,27,"Female",53000,46,1340.5,2,"Credit Card","West"
667,19,"Female",73130,15,1970.13,9,"Credit Card","North"
668,42,"Other",39831,34,1257.83,9,"Credit Card","East"
669,45,"Male",45947,32,873.71,2,"Credit Card","East"
670,34,"Male",33190,15,820.18,9,"Credit Card","South"
671,18,"Female",73824,21,1433.5,2,"Credit Card","West"
672,21,"Female",55193,37,1184.85,3,"Credit Card","West"
673,33,"Female",80972,29,1962.73,8,"Credit Card","South"
674,44,"Female",81627,50,1770.33,8,"Credit Card","West"
675,19,"Male",63073,47,1172.24,8,"Credit Card","West"
676,58,"Male",56187,36,1933.48,8,"Credit Card","North"
677,34,"Other",57401,26,1499.74,8,"Credit Card","West"
678,45,"Female",67784,23,1830.48,9,"Credit Card","West"
679,51,"Female",75773,23,2263.97,8,"Credit Card","South"
680,33,"Male",58671,49,1419.2,7,"Credit Card","West"
681,48,"Male",83424,10,2469.89,7,"Credit Card","South"
682,22,"Male",74503,30,1854.83,2,"Cash on Delivery","West"
683,64,"Female",59249,21,1731.83,3,"Credit Card","East"
684,28,"Female",36416,23,352.36,8,"Credit Card","East"
685,54,"Male",55163,25,1082,4,"Credit Card","South"
686,62,"Female",38389,36,803.04,6,"Credit Card","South"
687,23,"Female",69388,35,1769.86,7,"Credit Card","West"
688,46,"Male",68970,37,1421.29,8,"Credit Card","West"
689,44,"Other",64227,37,1672.18,8,"PayPal","North"
690,35,"Male",64602,35,1758.15,5,"Cash on Delivery","South"
691,37,"Male",60281,24,1508.98,9,"Credit Card","East"
692,31,"Male",54579,30,504.6,8,"Credit Card","South"
693,60,"Other",46832,50,1306.08,7,"Credit Card","West"
694,39,"Male",25525,10,483.7,9,"Credit Card","South"
695,33,"Male",60352,20,1516.59,2,"Credit Card","South"
696,43,"Female",60792,37,1113.55,3,"Credit Card","North"
697,32,"Male",117776,11,3227.53,8,"Credit Card","East"
698,37,"Male",85036,41,2598.66,9,"Credit Card","West"
699,25,"Male",69473,15,1481.28,5,"PayPal","South"
700,30,"Male",47761,36,848.39,8,"Credit Card","East"
701,47,"Female",40577,27,882.01,7,"Credit Card","South"
702,45,"Female",70501,10,1924.37,7,"Credit Card","South"
703,32,"Male",45076,30,1048.91,9,"Credit Card","West"
704,32,"Male",72785,35,2347.14,1,"Credit Card","East"
705,52,"Male",65003,29,1391.43,5,"Credit Card","West"
706,27,"Female",49817,15,1538.45,9,"Credit Card","South"
707,34,"Male",53792,37,1119.25,8,"Credit Card","West"
708,32,"Male",62709,22,1460.81,7,"Credit Card","East"
709,23,"Male",51989,36,1177.89,9,"Credit Card","North"
710,24,"Male",60835,16,1566.03,9,"Credit Card","South"
711,58,"Male",52523,12,1240.8,8,"Credit Card","South"
712,35,"Male",82060,38,1800.98,1,"Credit Card","East"
713,43,"Female",63376,30,1445.31,7,"Credit Card","North"
714,32,"Female",55762,47,1320.68,7,"Credit Card","West"
715,40,"Female",54834,38,1407.02,7,"Credit Card","East"
716,36,"Male",46098,20,1279.59,7,"Credit Card","South"
717,30,"Female",82315,33,2409.89,7,"Credit Card","South"
718,30,"Female",55543,14,1170.28,3,"Credit Card","East"
719,39,"Male",62938,30,1692.87,8,"Credit Card","North"
720,37,"Female",65795,11,1346.74,7,"Credit Card","North"
721,19,"Female",51746,22,941.45,8,"PayPal","North"
722,39,"Female",57800,40,1881.4,9,"Credit Card","West"
723,19,"Female",96258,40,2532.2,8,"PayPal","East"
724,27,"Male",52774,31,1074.5,3,"Credit Card","South"
725,45,"Male",53719,32,1560.39,1,"Credit Card","North"
726,31,"Male",79182,31,2214.06,4,"Credit Card","West"
727,54,"Male",39852,18,1193.15,7,"Credit Card","South"
728,27,"Female",61162,49,1774.35,2,"Credit Card","West"
729,36,"Male",75244,10,2075.99,5,"Credit Card","South"
730,32,"Male",67072,50,1212.83,1,"Credit Card","West"
731,26,"Male",72675,34,1809.18,8,"Credit Card","West"
732,50,"Male",50432,32,1256.47,9,"Credit Card","North"
733,35,"Male",73512,33,1930.4,3,"Credit Card","East"
734,24,"Male",74480,39,1874.13,4,"Credit Card","East"
735,25,"Female",29035,20,938.8,2,"Credit Card","South"
736,22,"Female",70026,18,2061.89,2,"Credit Card","South"
737,59,"Male",54808,11,1461.74,7,"Credit Card","South"
738,22,"Male",54607,14,1067.5,9,"Credit Card","South"
739,33,"Female",61455,38,1188.62,7,"Credit Card","West"
740,51,"Female",56332,24,1627.19,7,"PayPal","West"
741,36,"Female",67684,13,1647.18,9,"Credit Card","South"
742,19,"Female",84381,21,2865.96,2,"Credit Card","South"
743,27,"Female",65241,11,1816.26,9,"Credit Card","South"
744,50,"Male",38956,15,856.97,8,"Credit Card","North"
745,40,"Female",73559,24,2351.96,8,"Credit Card","South"
746,20,"Male",62715,35,1442.42,7,"Credit Card","South"
747,35,"Other",98818,40,2766.94,9,"Credit Card","West"
748,30,"Female",45807,22,1373.87,7,"Credit Card","South"
749,57,"Female",61467,27,1399.1,8,"Credit Card","North"
750,64,"Female",67809,37,2237.49,9,"Credit Card","West"
751,19,"Female",68888,22,1887.79,9,"Credit Card","East"
752,37,"Female",52506,30,2075.76,9,"Credit Card","South"
753,32,"Other",47655,21,551.11,9,"Cash on Delivery","East"
754,40,"Female",79127,25,2036.76,7,"Credit Card","South"
755,19,"Female",44036,42,891.79,2,"Credit Card","West"
756,38,"Male",61614,35,1433.38,9,"Credit Card","West"
757,31,"Female",68002,29,2174.32,4,"Credit Card","North"
758,41,"Male",70653,18,1754.58,1,"Credit Card","South"
759,63,"Male",92200,41,2577.18,9,"Credit Card","West"
760,31,"Male",31356,34,1016.48,7,"Credit Card","North"
761,24,"Male",54894,27,762.77,7,"Credit Card","East"
762,25,"Female",29004,39,-337.51,8,"Credit Card","West"
763,33,"Female",44936,47,835.94,4,"Credit Card","West"
764,55,"Male",68468,30,2037.3,6,"Credit Card","South"
765,42,"Female",30888,23,377.33,6,"Credit Card","West"
766,41,"Male",71834,42,1674.77,1,"Credit Card","West"
767,34,"Female",43043,13,892.42,7,"Credit Card","East"
768,40,"Female",68601,24,1431.96,7,"Credit Card","South"
769,58,"Female",45976,35,1672.4,8,"Credit Card","West"
770,53,"Female",53850,29,1858.41,5,"PayPal","West"
771,35,"Male",62354,25,1360.93,7,"Cash on Delivery","West"
772,38,"Female",51336,12,896.82,7,"Credit Card","South"
773,27,"Male",68040,18,1930.62,7,"Credit Card","East"
774,43,"Female",68529,21,1759.38,3,"Credit Card","West"
775,49,"Female",56518,22,856.44,9,"Credit Card","East"
776,32,"Male",30461,14,597.21,9,"Credit Card","East"
777,34,"Female",63281,13,1455.23,3,"Credit Card","East"
778,54,"Male",34472,16,989.33,9,"Credit Card","North"
779,42,"Female",76906,34,2350.93,9,"Credit Card","West"
780,19,"Male",64177,29,1366.22,7,"Cash on Delivery","East"
781,33,"Male",72458,36,1733.96,7,"Credit Card","East"
782,34,"Male",67881,13,2332.92,7,"Credit Card","East"
783,62,"Other",59911,49,1374.65,2,"Credit Card","West"
784,34,"Female",56939,13,1323.01,7,"Credit Card","North"
785,25,"Male",52158,23,1212.69,9,"Credit Card","South"
786,19,"Female",51058,25,1406.44,2,"Credit Card","North"
787,19,"Male",48679,18,1142.31,9,"Credit Card","North"
788,25,"Male",81139,25,2394.47,7,"Credit Card","North"
789,53,"Male",50419,25,952.52,7,"Credit Card","East"
790,28,"Female",62399,15,1355.02,8,"Credit Card","East"
791,34,"Female",66632,29,1577,6,"Credit Card","North"
792,49,"Male",26327,34,439.13,1,"Credit Card","West"
793,23,"Male",47671,29,617.78,9,"Credit Card","East"
794,58,"Female",45053,16,1260.09,9,"Credit Card","South"
795,32,"Male",64376,20,1622.21,6,"Credit Card","West"
796,27,"Female",56442,17,827.82,2,"Credit Card","South"
797,38,"Male",56297,34,1124.63,7,"Credit Card","East"
798,33,"Female",64766,15,881.33,8,"Credit Card","North"
799,25,"Male",53894,26,1303.9,3,"Credit Card","West"
800,48,"Male",53875,22,1639.71,7,"Credit Card","South"
801,31,"Female",69706,20,1497.58,8,"Credit Card","West"
802,41,"Female",36103,27,620.34,7,"Credit Card","South"
803,39,"Female",65906,10,1428.93,9,"Credit Card","South"
804,20,"Other",46484,24,1261.38,8,"Credit Card","North"
805,57,"Female",43026,11,801.85,8,"Credit Card","South"
806,54,"Female",60075,24,2331.71,5,"Credit Card","South"
807,35,"Other",77097,28,1767.34,3,"PayPal","West"
808,24,"Female",70580,25,2071.61,9,"Credit Card","South"
809,30,"Female",44875,25,1332.48,9,"Cash on Delivery","West"
810,21,"Other",78111,16,1768.11,9,"Credit Card","South"
811,20,"Male",58373,24,1141.34,8,"Credit Card","West"
812,29,"Other",68176,36,1391.96,6,"Credit Card","East"
813,50,"Male",80677,41,2012.11,9,"Credit Card","West"
814,34,"Other",57545,30,1505.66,2,"Credit Card","West"
815,28,"Female",44923,25,1311.29,3,"Cash on Delivery","West"
816,36,"Male",69654,24,1774.73,7,"Credit Card","East"
817,43,"Female",54258,18,895.39,8,"Credit Card","East"
818,36,"Male",30235,48,890.68,3,"Cash on Delivery","West"
819,39,"Female",65887,25,1484.75,7,"Credit Card","East"
820,42,"Male",61786,32,1611.63,9,"Credit Card","North"
821,33,"Male",48893,50,1799.6,8,"PayPal","West"
822,38,"Male",71390,34,1948.16,8,"Credit Card","West"
823,30,"Male",38556,32,1154.66,7,"Credit Card","West"
824,61,"Female",47346,50,1524.64,8,"Credit Card","West"
825,61,"Female",64649,10,1092.61,4,"Credit Card","East"
826,60,"Female",44369,31,690.12,8,"Credit Card","East"
827,30,"Male",57177,40,1410.79,5,"Credit Card","South"
828,45,"Male",36326,12,1117.7,9,"Credit Card","North"
829,18,"Female",77852,30,1867.7,3,"Credit Card","East"
830,24,"Female",86703,10,2508.43,7,"Credit Card","East"
831,40,"Female",75826,33,1648.31,3,"Credit Card","East"
832,55,"Male",81656,27,2328.8,7,"PayPal","North"
833,20,"Female",51125,38,1509.94,8,"PayPal","West"
834,60,"Female",81213,30,2362.53,8,"Credit Card","East"
835,28,"Male",66703,27,2112.38,7,"Credit Card","South"
836,50,"Other",41867,39,827.64,9,"Credit Card","North"
837,39,"Other",55146,39,1359.68,8,"Credit Card","West"
838,31,"Male",84729,27,2271.47,8,"PayPal","South"
839,47,"Other",65562,30,1556.52,3,"Credit Card","West"
840,31,"Male",61218,35,1833.78,6,"Credit Card","South"
841,64,"Other",76017,39,1944.08,9,"Credit Card","North"
842,64,"Male",40287,29,785.45,9,"Credit Card","North"
843,38,"Male",74625,30,1885.11,9,"Credit Card","West"
844,28,"Female",47091,25,865.61,8,"Credit Card","West"
845,56,"Other",33228,32,1567.67,9,"Credit Card","South"
846,27,"Female",63443,30,1062.08,8,"Credit Card","East"
847,30,"Male",78973,27,1783.48,8,"Credit Card","North"
848,30,"Male",49288,10,762.01,4,"Credit Card","South"
849,28,"Male",37465,13,940.92,9,"Credit Card","South"
850,61,"Male",69403,29,1364.42,1,"Credit Card","West"
851,36,"Male",46821,35,1067.96,7,"Credit Card","East"
852,35,"Male",51781,26,907.88,2,"Credit Card","East"
853,36,"Male",69153,13,1860.69,9,"Credit Card","North"
854,33,"Female",70201,20,2102.82,8,"Credit Card","West"
855,48,"Female",55237,35,1842.45,3,"Credit Card","West"
856,64,"Male",78789,13,2134.2,8,"Credit Card","South"
857,57,"Female",54009,41,933.05,9,"Credit Card","West"
858,44,"Male",72191,38,1704.23,2,"Credit Card","West"
859,37,"Male",61206,20,1283.55,8,"Credit Card","South"
860,52,"Male",78266,26,2145.23,2,"Credit Card","South"
861,22,"Female",74299,26,2344.22,2,"Credit Card","South"
862,42,"Other",62161,48,1641.64,7,"Credit Card","West"
863,31,"Female",55750,21,1230.67,7,"Credit Card","North"
864,44,"Male",75683,25,2059.02,7,"Credit Card","North"
865,39,"Male",56856,29,1356.07,8,"Credit Card","West"
866,34,"Male",68959,24,1735.92,4,"PayPal","West"
867,61,"Female",36276,37,1119.71,5,"Credit Card","East"
868,20,"Female",65873,38,2283.56,7,"Credit Card","East"
869,50,"Female",46558,25,1056.13,9,"Credit Card","North"
870,24,"Female",72138,26,1693.48,8,"Credit Card","East"
871,35,"Female",85484,30,2471.73,3,"Credit Card","East"
872,18,"Female",36810,17,777.04,9,"PayPal","North"
873,59,"Female",75338,20,1563.61,7,"Credit Card","North"
874,30,"Other",56249,33,992.16,8,"Credit Card","West"
875,59,"Male",40551,26,585.24,8,"Credit Card","East"
876,63,"Female",62027,38,1949.57,7,"Credit Card","West"
877,23,"Female",69328,29,1883.21,9,"Cash on Delivery","West"
878,53,"Male",44803,31,1034.4,8,"Credit Card","South"
879,61,"Male",57552,30,1785.99,7,"Credit Card","West"
880,28,"Male",74500,18,1922.33,7,"Credit Card","South"
881,25,"Other",65212,34,2053.5,1,"Credit Card","West"
882,40,"Male",62496,10,1471.01,8,"Credit Card","South"
883,48,"Female",41283,38,921.02,9,"Credit Card","West"
884,34,"Male",45228,11,1649.59,9,"Credit Card","South"
885,29,"Male",66618,30,1192.34,9,"Cash on Delivery","West"
886,44,"Female",50666,39,1363.65,8,"Credit Card","West"
887,39,"Female",25483,38,499.31,7,"Credit Card","South"
888,50,"Male",68031,30,1818.4,7,"Credit Card","North"
889,44,"Other",89309,40,2623.42,9,"Credit Card","South"
890,44,"Male",78478,40,2308.05,8,"Credit Card","South"
891,51,"Male",53952,24,1370.53,9,"Credit Card","East"
892,61,"Male",41493,22,1405.32,5,"Credit Card","West"
893,38,"Male",55215,41,1213.16,8,"Credit Card","West"
894,22,"Female",66431,26,1798.56,9,"Credit Card","East"
895,47,"Female",58660,12,1330.88,5,"Credit Card","South"
896,24,"Male",61992,23,1089.27,9,"Credit Card","North"
897,28,"Male",72893,31,1903.15,8,"Credit Card","West"
898,21,"Female",47452,25,1384.76,5,"Credit Card","South"
899,18,"Male",64305,33,1652.73,9,"PayPal","East"
900,47,"Male",67750,40,1344.69,6,"Credit Card","West"
901,32,"Female",84731,34,2112.91,7,"Credit Card","East"
902,21,"Male",16101,32,286.8,2,"Credit Card","North"
903,37,"Male",53985,31,1652.16,2,"Credit Card","North"
904,38,"Female",18997,32,-75.57,8,"Credit Card","East"
905,37,"Female",53168,12,1856.13,7,"Credit Card","North"
906,47,"Other",74038,18,1498.44,8,"Credit Card","South"
907,38,"Male",54888,48,1166.6,5,"Credit Card","West"
908,36,"Other",55482,22,1337.42,8,"Credit Card","North"
909,28,"Male",71173,19,2016.73,9,"Credit Card","South"
910,59,"Male",49452,36,1256.55,8,"Credit Card","South"
911,34,"Female",78251,32,1224.33,9,"Credit Card","West"
912,44,"Female",79791,27,2285.03,3,"Credit Card","West"
913,36,"Male",62082,36,1527.13,7,"Credit Card","East"
914,19,"Female",66545,10,1614,9,"Credit Card","North"
915,57,"Male",90193,38,2486.61,7,"Credit Card","South"
916,45,"Male",69392,11,2386.83,9,"Credit Card","North"
917,52,"Female",58366,25,1736.14,9,"Credit Card","West"
918,40,"Male",67538,35,1655.21,8,"Credit Card","West"
919,37,"Female",67429,14,1681.11,9,"Credit Card","South"
920,30,"Male",35464,19,807.36,7,"Credit Card","East"
921,20,"Male",69960,35,1406.95,9,"Credit Card","West"
922,34,"Female",77217,36,2060.57,8,"Credit Card","North"
923,21,"Male",77818,46,1846.88,9,"Credit Card","West"
924,34,"Male",61831,22,1474.39,9,"Credit Card","West"
925,43,"Male",63009,36,1775.19,9,"PayPal","West"
926,38,"Other",58825,20,1521.41,9,"Credit Card","West"
927,41,"Female",62123,15,1431.32,2,"Credit Card","South"
928,36,"Male",69491,26,2025.87,8,"Credit Card","West"
929,33,"Male",39638,27,1092.66,8,"Credit Card","West"
930,54,"Male",89186,20,2494.9,4,"Credit Card","North"
931,44,"Male",65457,27,2054,1,"Credit Card","North"
932,55,"Male",64279,25,1484.23,8,"Credit Card","West"
933,30,"Other",71659,26,1362.73,3,"Credit Card","South"
934,28,"Female",35893,35,1007.71,7,"Credit Card","East"
935,27,"Male",57202,30,1927.19,8,"Credit Card","West"
936,40,"Female",69869,35,1967.88,8,"Credit Card","North"
937,24,"Male",58601,28,1384.14,1,"Credit Card","South"
938,22,"Female",58247,33,1780.03,1,"Credit Card","East"
939,27,"Female",50268,18,804.33,9,"Credit Card","East"
940,30,"Male",71518,22,2113.18,9,"Credit Card","South"
941,24,"Female",52501,15,1455.46,8,"Credit Card","North"
942,35,"Male",59244,17,1342.57,7,"Credit Card","North"
943,29,"Male",60667,13,1644.92,5,"Credit Card","North"
944,35,"Male",27231,28,457.18,1,"Credit Card","North"
945,44,"Male",63013,37,2031.94,4,"Credit Card","West"
946,32,"Female",57490,34,1684.15,8,"Credit Card","South"
947,44,"Male",56542,14,1544.44,9,"Credit Card","South"
948,35,"Male",42386,39,1878.82,2,"Credit Card","South"
949,29,"Male",51059,48,1520.03,8,"Credit Card","West"
950,61,"Female",28661,30,533.44,2,"Credit Card","West"
951,29,"Male",58008,10,1476.34,9,"Credit Card","South"
952,28,"Male",41188,39,1139.36,9,"Credit Card","North"
953,44,"Female",46532,31,1120.93,9,"Credit Card","North"
954,25,"Male",83174,10,1861.02,1,"Credit Card","South"
955,42,"Female",72758,17,2177.21,5,"Credit Card","North"
956,26,"Other",41591,22,1118.66,7,"Credit Card","South"
957,32,"Female",57443,22,1574.74,1,"Credit Card","West"
958,37,"Other",72965,15,1878.28,1,"PayPal","East"
959,26,"Male",61457,24,1097.07,7,"Credit Card","West"
960,18,"Other",38530,42,730.71,1,"Credit Card","West"
961,18,"Male",62182,30,1355.86,9,"Credit Card","West"
962,59,"Male",50492,18,1654.54,1,"Credit Card","South"
963,36,"Female",44644,40,1301.79,8,"Credit Card","South"
964,38,"Other",36494,40,1541.3,7,"Credit Card","North"
965,39,"Female",69466,38,1877.78,8,"Credit Card","South"
966,35,"Female",68092,20,1596.91,1,"Credit Card","West"
967,30,"Female",63173,28,1758.97,7,"Cash on Delivery","South"
968,53,"Male",46271,33,1359.76,9,"Credit Card","West"
969,41,"Male",63949,18,1558.53,8,"Credit Card","South"
970,23,"Other",65220,36,1671.73,4,"Credit Card","North"
971,21,"Female",60972,34,1310.44,3,"Credit Card","South"
972,31,"Female",69791,47,1599.73,8,"Cash on Delivery","West"
973,27,"Female",43546,23,571.59,3,"Credit Card","East"
974,45,"Male",42244,25,829.84,8,"Credit Card","North"
975,61,"Female",65811,29,1487.37,7,"Credit Card","West"
976,20,"Male",58009,13,1216.25,9,"Credit Card","South"
977,35,"Male",74949,33,2171.02,5,"Credit Card","East"
978,60,"Female",29023,37,273.15,8,"Credit Card","North"
979,32,"Female",72432,31,2385.29,9,"Credit Card","North"
980,39,"Male",49722,34,1214.72,9,"Credit Card","East"
981,52,"Female",51794,19,894.42,7,"Credit Card","South"
982,61,"Male",67827,20,1536.86,9,"Credit Card","East"
983,34,"Female",26884,28,1027.92,3,"Credit Card","East"
984,21,"Female",58262,11,1599.97,6,"Credit Card","North"
985,32,"Female",50220,21,1376.55,2,"Credit Card","South"
986,31,"Male",56856,40,919.53,8,"Credit Card","North"
987,37,"Male",60854,18,1534.99,9,"Credit Card","East"
988,65,"Female",60626,27,2522.3,3,"Credit Card","South"
989,19,"Other",51928,33,1236.55,9,"Credit Card","North"
990,34,"Male",35778,34,456.92,8,"Credit Card","South"
991,52,"Female",85945,10,2346.95,5,"Credit Card","North"
992,40,"Female",51783,31,1367.1,3,"Credit Card","South"
993,58,"Other",52467,33,1035.79,7,"Credit Card","West"
994,22,"Male",64370,33,1731.39,7,"Credit Card","West"
995,42,"Female",41448,26,874.42,9,"Credit Card","West"
996,52,"Male",34967,22,1411.91,9,"Credit Card","South"
997,32,"Female",85367,39,1831.39,6,"Credit Card","West"
998,51,"Male",80145,48,2220.8,8,"Credit Card","West"
999,45,"Female",54991,26,1016.06,8,"Credit Card","East"
1000,34,"Male",83420,37,1782.51,1,"Credit Card","East"
